integrity,teamwork,innovation,respect,quality
trust,collaboration,innovation,employee,customer
responsibility,collaborative,innovative,talent,quality
transparent,collaborate,creative,talented,guest
responsible,merchandising_team,efficiency,marketing_team,customer_base
one-on-one,cooperation,dsd_system,staff,dedicate
undermine,immuno-oncology,efficient,sale_team,superior
work_together,cooperative,expertise,salespeople,meet_need
best_interest,work_closely,pride,consultant,reliability
transparency,numerous,innovate,training,dedicated
agile,labor_union,skill_set,member,client
commend,oncomed,capability,family,merchant
professionally,cooperate,customer_experience,management_team,audience
tribute,engage,efficiently,job_security,logistic
weapon,conduct,create,onsite,high-quality
create_shareholder_value,consultation,enhance,man_woman,provider
win-win,synergistic,distribution_system,executive,service_quality
execution_standpoint,violate,infrastructure,dealer,capable
balancing_act,monotherapy,customer_service,organization,technologically
intelligent,directive,culture,leadership,buyer_seller
win/win,vertically_integrate,value_proposition,salesperson,one-stop
seamless,invite,improve_efficiency,hire,entrepreneur
stand_up,interview,cost_effective,vice_president,distribution_channel
visionary,interaction,technology,citizen,wireless
meantime,spirit,continuous,team,service_provide
superbly,in-depth,merchandising,district_manager,outfit
leader,pd1,supply_chain,sale_force,friendly
steadfast,legally,skill,bureaucracy,sophisticated
educate,dem,organize,train,electronic
reveal,arm,optimize,wholesaler,cement
protect_margin,union,productivity,manager,cater
selling_proposition,alzheimer,resource,operation_team,durability
hunting,multiplex,functionality,recruit,shopping
logistical,anti-rspo3,enable,director,customer_basis
express,examine,execution,designer,peripheral
well-run,anti-tigit,direct_sale_force,sale_organization,first-class
common_sense,front-line,effectiveness,expert,publisher
convince,hypothesis,operational_efficiency,personality,well_site
within_parameter,clustering,algorithm,grow_up,integrator
smart,refractory,supply_base,skilled,interface
danger,elucidate,continue_invest,attraction,electrical
knowledge,pvr,excitement,officer_director,customer_need
proud,anti-cancer,adapt,employee_base,piece_equipment
within_parameter_regard_selective,face-to-face,mission,account_manager,loyalty
urge,possess,reach_consumer,morale,handheld_computer
confidentiality,dialog,product_news,design_team,fashionable
constituent,actively_involve,tool,wealth,solution
bond_holder,safety,manufacturing_process,management,in-house
financially,best-in-class,allow,senior,bluetooth
viability,federally,network,welder,physician
peanut_butter,testimony,reputation,irresistible,messaging
deserve,master_plan,brand_equity,merchant_team,equip
perfection,adaptation,complementary,officer,deepen
truth,designate,leverage,spa,high-speed
responsive,chairman,awareness,sale_manager,superconducting_wire
protect,regulate,new_product_development,ceo,generation
thoughtful,initiation,improve_margin,behalf,superconduct
verbally,stakeholder,powerful,workplace,daily_basis
look_like,contact,effort,work_hard,advertiser
advice,assist,connect,laborer,advanced
forefront,anti-pd1,dsd,database,architecture
blessing,biomarker_hypothesis,marketing,invitation,upsell
precisely,gazette,foundation,join,up-sell
credibility,pancreatic_cancer,differentiate,corporation,attract
work_diligently,cf,integrate,enterprise,filter
unacceptable,operation_people,become_efficient,recruiting,serve
judicious,header,excellence,destination,functional
glop,collective,content,good_job,selection
distraction,planning_work,store_level,prosperity,programmatic
pay_attention,delighted,manufacturing,man,state-of-the-art
nimble,scientific,business_structure,visitor,transmission_cable
credentials,conditional_approval,facilitate,guest_experience,wireline
valuable,enrol,datum_network,assistant,choice
align,stem_cell_agent,strengthen,colleague,clothes
remain_competitive,pdl1,visual_merchandising,hire_people,key_resource
homogeneous,bispecific,simplify,chief,instrumentation
blame,tigit,offering,intelligence,base_station
attentive,educational,productive,reorganize,millennial
properly,proof-of-concept,product_innovation,reward,marketer
formidable,knowledgeable,value_shareholder,senior_management,freight_forwarder
accountability,influential,improve_profitability,five-star,world-class
legitimately,investigator,sale_effort,person,customer_support
accessible,transform,sophistication,vp,programming
brilliant,state_legislature,product_development,ten_of_thousand_of,shop
learn_lesson,intellectual,business_model,freedom,transmit
individually,clinical,rationalize,datum_content,specialize
informal,readiness,global_basis,validation,younger
damn,mutually,redesign,lesson,bebe_girl
multinational,clinic,importantly,counsel,developer_community
disruptive,unintended_consequence,consistency,disparate,diversity
discriminate,european,customer_relationship,wonderful,uptime
entrepreneurial,authority,software,well-known,lab
thorough,novel,power,operation_group,save_money
sense_urgency,decision_make,brand,entertainment_attraction,dedication
angry,coordination,platform,descartes,select
fortunate,co-development,automation,sale_staff,professional
disciplined,grateful,scalable,computer,value-added
vote,anti-pdl1,digital,tourism,engine
testament,investigator-sponsored,unique,human_resource,section
proactive,pension_system,in_order,food_beverage,thing_nature
phenomenal_job,long-standing,manufacturing_footprint,incentivize,high-volume
permeate,board_director,bring_bear,development_people,web
leadership_position,exaggeration,service_level,leadership_team,interior
enlighten,oversee,magnetic_field,hotel_room,suit
joyful,disagreement,deli,tax_revenue,iconic
sue,vantictumab,along_with,association,convenient
compliment,nutshell,focus,drilling_company,substrate
regretfully,metastatic,design,sale_rep,service_provider
emotional,pivotal,system,touristic,trucking_company
intelligently,clinical_trial,shareholder_return,banker,hospital
play_game,oral,reliable,cook,task
administer,advisor,sample_preparation,onboard,field
communicate,honor,complexity,taste,contractor
broadcast,dialogue,marketing_campaign,terrace,dependable
respond,withdraw,feature,tool_pusher,popular
estate_strategy,government_team,so_that,backbone,strive
message,mandate,reduce_cost,hip,many_instance
var,recommend,put_place,development_team,retailer_manufacturer
tell_story,unanimous,focused,nurture,consumer_base
alert,investigate,display,in-country,insure
image,t_cell,consumer_need,engineer,everywhere
consolidator,mayor,automate,track_record,technical
freight_broker,supervise,build_out,young,safe
passive,supportive,innovative_product,experienced,transact
conscious,tissue,freshness,rep,visit
responsiveness,legislative,fixture,humble,perimeter
conviction,central_government,utilize,xad,mobile_phone
memorable,supervision,administrative,competency,work
override,antibody,multi-channel,businessman,logistics_provider
ha,disease_study,drive_traffic,haven,wireless_lan
compromise,paper_merchant_business,make_sure,board_member,apex-xk
confirmation,infant,distribution,drink,customize
importance,comply,improve_quality,dreams,regional
stay_on,day-to-day,railroad_track,process_change,cross-sell
po,setting,department,subcontract,workforce
pricing_issue,founder,better-for-you,managerial,attention
auto_channel,manufacturing_system,ensure,excel,seller_buyer
loyal,socket,product_offering,sale_guy,renovate
mantra,chief_executive,emission,fun,complement
room_product,ovarian,pretzel_piece,application_team,mobile_solution
solve_problem,comprehensive,control,abroad,almost_every
execute_on,attend,convenience,production_team,service_capability
agility,undertake,speed,restaurant,thousand_of
credible,interact,newness,friend,beverage
intensely,unequivocal,r&d_side,continued_interest,customization
alcoholic,criticism,consumer_marketplace,service_center,nobody_else
gigantic,privileged,beauty,referral,outsource
politics,autonomous,add_value,empower,rely
incent,appreciate_support,order_business,best_practice,independent_operator
motivate,bt,create_value,bell_whistle,reel-to-reel
niche,eradicate,take_advantage,cash_register,performance_level
decisive,phase_iia,product_portfolio,caliber,derrick
pr,found,smarter,alive,barcode_scanning
diligently,non-small_cell_lung_cancer,cloud,juggle,around_world
discipline,1b,essential,reach_out,stand-alone
patience,dozen,learn,social_media,receptor
frustrated,active_discussion,streamline,seasons,personnel
flight_quality,post-marketing,make_easier,convention_meeting_space,solicit
elusive,top_priority,integrated,balcony,scheduling
twist,submission,install,wide-area,complimentary
protective,make_announcement,maximize,datum_center,several_of
honestly,paper_business,human_environmental_health,child,diversify
utmost,pk,ability,franchisee,allocation
cost-effective,predictive,target_consumer,listener,fast-moving
frivolous,regulator,expand_out,living,genre
operator_instruction_will_pause,enthusiastic,support,transportation_provider,sagd_project
overprice,placebo-controlled,long_length,belong,worldwide
arsenal,staff_up,lean,girl,workflow
sight,neglect,process_improvement,transportation_management_system,compete_against
available_speak,applicant,food,routine,clothing
popularity,extensive,bring_in,operate_efficiently,love
personal,submit,outbound,gravity,recreational
gain_shelf_space,breast,centralized,smoke,respective
proper,embrace,make_investment,operating_discipline,family-owned
dangerous,preclinical_datum,adjacency,music,concentrate
walk_door,advent,advertise,gaming_area,entertainment
growth_strategy,communication,shareholder_value,gamble,tremendous_amount
re-establish,land_concession,distribution_network,mid-level,wellness
crowded,thankful,important_part,hd,take_care
disturb,agent,logistics,operating_area,running
thoughtfully,launching,cut_cost,care_model,on-site
advocate,investment_community,establish,emotionally,fitness
rollup,gathering,salesforce,beach,inmobi
tightly,decentralize,service_model,far_from,enormous_amount
cheapest,dosing,positioning,nonstop,full-time
score,trimeric,monetization,welding,relevance
wake,hospitality,business_unit,inertia,
premium_segment,epigenetic,full-service,tour,
regular_basis,outreach,uplink,financial_flexibility,
evidently,concert,knowledge_management,living_room,
clever,session,nationwide,town,
intimacy,intermediary,broaden,publicity,
advantageous,evaluation_process,tremendous_opportunity,general_manager,
sympathetic,city_location,truly,roster,
seize,outlet_strategy,lte_network,galaxy,
definitively,moment_compile_q&a_roster,marketing_program,employee-based,
cleanly,question_announce_company_name,in-store,resort,
distribution_company,thoughtfulness,nutritional,indoor/outdoor,
insofar,analyzer,cope,production_department,
holistic,nominate,packaging,exterior,
point_view,ultra-orphan,snack_factory,showcase,
risk_management,keen,electricity,inexperienced,
spot_on,industry_leader,spectrum_position,internet,
fella,proof_concept,solution_set,core_competency,
astute,education,deposit_material,hospitality_industry,
steal,m-real,network_effect,toy_industry,
satisfied,approval,emphasis,endeavor,
desirous,adviser,customer_service_level,pillar,
accustomed,graphic_papers,organizational,brand_awareness,
arcane,rigorous,core_item,store_design,
entrench,enrollment_criterion,bring,fascinating,
disadvantaged,special_administrative_region,devote,wwe,
resonate,return_capital_shareholder,product_assortment,mood,
crucial,sale_associate,exciting,us,
brokerage_community,auditor,growth_platform,fanciful,
sick,beef_up,a_number_of_different,boardwalk,
competent,governmental,retool,globe,
satisfaction,execute_against,introduce_new_product,appoint,
luxury_brand,partnering,depth,nurse,
orphan,cumbersome,growth_initiative,development_expertise,
grass-roots,conjunction,fast_food,invest_in,
lookout,development_agreement,penetrate,predicament,
rewarding,alliance,distribution_capability,r_us,
ill,approve,next-generation,gang,
pay_close_attention,checkpoint_inhibitor,extremely_well,hook,
vigilant,connectivity,order_product,wonderful_job,
speaker_phone,on_behalf_of,back-office,subscale,
shortcoming,chief_executive_officer,expand_footprint,bless,
authoritative,vet,sale_marketing,government_contractor,
manually,ruggedize,centralize,experiential,
best_possible,seaone,seed,quickly_possible,
qualification_process,regulatory_environment,broaden_out,on-board,
frustration,mem,marketing_initiative,public_entertainment,
sharpen,alignment,product_design,toys,
put_it_out,client-side,exploit,search,
building_block,workshop,human,toys_``_r_''_us_store,
simplicity,distribution_partner,fast_food_offering,advise,
relentless,interactive,manufacturing_capability,high-limit,
amaze,privy,matching,search_engine,
dissatisfaction,politician,merchandise,atrium,
sanguine,chmp,advertising_marketing,harmonize,
business_environment,local_government,bundle,sleepy,
old-fashioned,sti,creation,ipad,
spin-off,keep_promise,reactor,business_community,
enrich,pharmacodynamic,pretzel,wife,
pulse,forge,etc,beautifully,
fit_in,court,visual,consumer_research,
underprice,pharmacokinetic,market_position,learn_curve,
depositor,involvement,expand_distribution,will_pause_moment,
integrate_platform,unaffected,tactically,innovation_team,
predictability,execute_strategy,learning_curve,racino,
feel_strongly,breast_cancer,production_process,wound,
honest,3m,breadth,oncologist,
hd_radio,impressed,introduce_new,r&d_effort,
vision,inform,store_team,innovator,
productively,ambitious,snack,runner,
unite,elderly,refreshing,coo,
cheerful,non-small,demonstrate_ability,call_adjourn,
fairness,emergence,logo_business,power_amplifier,
pudding,integral,switching,sweet,
prevail,affiliated,elevate,will_pause_moment_compile,
feminine,declaration,incredible,a_roster,
pleasure,worksite,sandwich_cracker,q&a_roster,
unlock_value,game_town,advancement,up-and-down,
unattractive,ceo_position,non-selling,respectful,
sincerely,gmm_position,fresh,meld,
exaggerate,unhealthy,performance_improvement,,
well-matched,next-gen,trade_content,,
curate,strategic_alternative,informatics,,
oblige,near-field,liaison_program,,
integrity,pre-specified,as_well_as,,
separate_out,government_side,key_item,,
authenticity,land_owner,marketing_support,,
way_shape_form,consumer_packaging_business,production_capability,,
versatility,licensee,word-of-mouth,,
pricing_discipline,budget_cycle,retailer_relation,,
bye-bye,party,pursuit,,
day-out,orphan_drug,marketing_side,,
top-of-mind,critical,heretofore,,
arrow,stay_close_to,proven,,
undeniable,datum_content_business,product_set,,
voter,team_up,diversification,,
attuned,lung,television,,
brand_positioning,marketing_people,product_range,,
privilege,reinforce,terrific,,
irrelevant,protocol,geographic_expansion,,
banking_industry,healthcare_space,outlet_division,,
participate_in,jointly,vertical_integration,,
crystal,hand-in-hand,convergence_product,,
wear-to-work,governance,hts_material,,
great_job,seldom,it_platform,,
cohesive,frank,campaign,,
preservation,master,center,,
operating_division,underline,relieve,,
keep_close_eye,well-established,quality_control,,
sale_approach,must_remember,diamond_brand,,
bring_that_up,reflex,wrap_around,,
layering,revive,warehouse_management_system,,
check_out,insist,top_business,,
bring_they_down,formalize,advertisement,,
excellent,preoccupy,sample_prep,,
unstable,proponent,drive_down_cost,,
postpaid,contest,sale_resource,,
preeminent,product_manager,r&d_capability,,
preview,present,value_positioning,,
diarrhea,sit_down,analytic,,
set_it_up,electrification,as_well_to,,
very-very,alpine,branding,,
leather,duty,productize,,
hand_over,announce_company_name,non-gmo,,
currency_situation,preempt,exhibit,,
back_it_up,patient_identification,store_layout,,
bunnings,wrestle,icon,,
driving,headquarter,assay,,
hone,formulate,personalized,,
nuanced,enforce,umbrella_product,,
post-bankruptcy,pre-existing,esoteric,,
value_brand,conceptual,novelty,,
courage,structured,informatics_area,,
unhappy,succeed,asset_management,,
savings_account,non-bank_sifi,analysis_side,,
hey_good_afternoon,tumor_biopsy,hair_care_accessory,,
sell_side,self-serving,creativity,,
ballot,business_review,,,
door_pricing,top-end,,,
balance_sheet_issue,continuity,,,
outlet_business,exam,,,
value-branded,exhaustive,,,
renewal_percentage,coordinate,,,
persuade,combo,,,
overstatement,as_well_on,,,
bye_bye,architectural,,,
hello_everyone,statewide,,,
price_sensitivity,stay_on_top_of,,,
put_rig_out,president,,,
please_state_question,move_along,,,
remove_queue,cartonboard_business,,,
touch-tone_phone,work_flow,,,
accountable,trading_desk,,,
hi_everyone,crm,,,
mm-hmm,software_implementation,,,
congrats,bottler,,,
honesty,surgeon,,,
,enlarge,,,
,genotyping,,,
,docket,,,
,please_go_ahead,,,
,briefs,,,
,remedy,,,
,keenly,,,
,brewer,,,
,beside,,,
,hallmark,,,
,autonomy,,,
,reestablish,,,
,innovent,,,
,core_strength,,,
,decision_making,,,
,cognition,,,
,participate,,,
,incubate,,,
,focus_energy,,,
,express_interest,,,
,publicize,,,
,endemic,,,
,announce_company_name_location,,,
,collect_datum,,,
,enthused,,,
,investor_relation_website,,,
,fortify,,,
,cardiac,,,
,harness,,,
,know-how,,,
,address_issue,,,
,mechanistic,,,
,preschool,,,
,symbol,,,
,formerly,,,
,teach,,,
,testify,,,
,appreciate_continued,,,
,proof,,,
,pioneer,,,
,research_institution,,,
,surgery,,,
,pdc,,,
,firing,,,
,graphic,,,
,senator,,,
,outreach_marketing,,,
,marketing_group,,,
,solidify,,,
,investor_relations,,,
,private_investor,,,
,treatment_effect,,,
,property_portfolio,,,
,energize,,,
,involved,,,
,continued_support,,,
,conform,,,
,training_program,,,
,tempo,,,
,quasi,,,
,happiness,,,
,ladies_gentleman_wish_replay,,,
,design_process,,,
,father,,,
,two-step,,,
,hostile,,,
,health_record,,,
,green_street_advisors,,,
,de-risked,,,
,siloed,,,
,webcast_call_may,,,
,open_door,,,
,stockholder,,,
,destination_city,,,
,unutilized,,,
,liquidity_issue,,,
,appreciate_interest,,,
,three-step,,,
,sdio,,,
,cultivate,,,
,suitable,,,
,admire,,,
,confront,,,
,refining,,,
,concentrated,,,
,reformulate,,,
,provocative,,,
,thank_lady_gentleman,,,
,welcome,,,
,pull_in,,,
,may_disconnect,,,
,air-conditioning,,,
,breakfast,,,
,truck_space,,,
,streamlined,,,
,web-based,,,
,hands-on,,,
,engineering_team,,,
,resemble,,,
,library,,,
,sword,,,
,delight,,,
,thousand_thousand,,,
,satellite,,,
